-- Jefferson Queiroz
-- phpMyAdmin SQL Dump
-- version 5.2.0
-- https://www.phpmyadmin.net/
--
-- Host: 127.0.0.1
-- Tempo de geração: 04-Set-2022 às 15:57
-- Versão do servidor: 10.4.24-MariaDB
-- versão do PHP: 8.0.19

SET SQL_MODE = "NO_AUTO_VALUE_ON_ZERO";
START TRANSACTION;
SET time_zone = "+00:00";


/*!40101 SET @OLD_CHARACTER_SET_CLIENT=@@CHARACTER_SET_CLIENT */;
/*!40101 SET @OLD_CHARACTER_SET_RESULTS=@@CHARACTER_SET_RESULTS */;
/*!40101 SET @OLD_COLLATION_CONNECTION=@@COLLATION_CONNECTION */;
/*!40101 SET NAMES utf8mb4 */;

--
-- Banco de dados: `curso_treinarecife`
--
Create database if not exists `curso_treinarecife`;
Use curso_treinarecife;
-- --------------------------------------------------------
--
-- Estrutura da tabela `alunos`
--

CREATE TABLE `alunos` (
  `id_aluno` int NOT NULL,
  `nome` varchar(45) NOT NULL,
  `data_nascimento` date NOT NULL,
  `sexo` varchar(1) DEFAULT NULL
) ENGINE=InnoDB DEFAULT CHARSET=utf8mb4;

--
-- Extraindo dados da tabela `alunos`
--

INSERT INTO `alunos` (`id_aluno`, `nome`, `data_nascimento`, `sexo`) VALUES
(1, 'Alan Moraes', '1989-09-04', 'M'),
(2, 'Alessandro Soares', '1989-10-04', 'M'),
(3, 'Alexander Peres', '1989-08-22', 'M'),
(4, 'Alexandre Sayuri', '1989-04-25', 'M'),
(5, 'Alexandre Moraes', '1989-06-06', 'M'),
(6, 'Alexandre Bueno', '1989-09-14', 'M'),
(7, 'Alexis Vannucchi', '1989-06-11', 'M'),
(8, 'Alexsandro Angeluzzi', '1991-01-21', 'M'),
(9, 'Alisson Hashioka', '1992-05-30', 'M'),
(10, 'Alvaro Caroline', '1991-06-15', 'M'),
(11, 'Abigail Elias', '1989-09-23', 'F'),
(12, 'Adriana Buendia', '1989-07-31', 'F'),
(13, 'Aimee Paula', '1989-09-11', 'F'),
(14, 'Alessandra Yoshie', '1989-11-09', 'F'),
(15, 'Alessandra Leandro', '1989-08-17', 'F'),
(16, 'Aline Abboud', '1990-10-19', 'F'),
(17, 'Aline Yuiti', '1990-12-07', 'F'),
(18, 'Aline Henrique', '1990-08-01', 'F'),
(19, 'Aline Mazoni', '1991-02-25', 'F'),
(20, 'Aline Martins', '1990-08-22', 'F'),
(21, 'Alyne Francisco', '1991-07-11', 'F'),
(22, 'Amanda Santos', '1992-01-05', 'F'),
(23, 'Amanda Bianca', '1991-11-11', 'F'),
(24, 'Amanda Iris', '1992-06-14', 'F'),
(25, 'Amanda Fagundes', '1993-01-11', 'F'),
(26, 'Amanda Luiz', '1993-11-01', 'F'),
(27, 'Amanda Deckers', '1992-10-10', 'F'),
(28, 'Amanda Battesini', '1994-09-23', 'F'),
(29, 'Amineres Khae', '1995-10-20', 'F'),
(30, 'Ana Filipe', '1994-03-23', 'F'),
(31, 'Ana Vicente', '1992-07-09', 'F'),
(32, 'Ana Maria', '1993-09-09', 'F'),
(33, 'Ana Ramada', '1993-08-26', 'F'),
(34, 'Ana Quevedo', '1991-05-04', 'F'),
(35, 'Ana Jose', '1991-09-18', 'F'),
(36, 'Ana Augusto', '1993-09-25', 'F'),
(37, 'Ana Lameu', '1993-05-10', 'F'),
(38, 'Ana Gatti', '1990-05-29', 'F'),
(39, 'Ana Arena', '1996-05-01', 'F'),
(40, 'Ana Silva', '1989-09-26', 'F'),
(41, 'Ana Carvalho', '1994-11-14', 'F'),
(42, 'Ana Livia', '1992-08-28', 'F'),
(43, 'Ana Ferreira', '1990-02-11', 'F'),
(44, 'Ana Ode', '1992-10-22', 'F'),
(45, 'Ana Bruna', '1993-03-31', 'F'),
(46, 'Ana Rerreira', '1993-07-28', 'F'),
(47, 'Ana Azevedo', '1996-02-04', 'F'),
(48, 'Ana Moreira', '1989-10-06', 'F'),
(49, 'Andreia Melissa', '1994-03-23', 'F'),
(50, 'Andreia Miguel', '1994-06-23', 'F'),
(51, 'Andressa Esperidiao', '1997-06-21', 'F'),
(52, 'Angela Repacci', '1989-11-28', 'F'),
(53, 'Anna Galhardi', '1994-10-01', 'F'),
(54, 'Anna Linardi', '1992-12-02', 'F'),
(55, 'Anna Andrade', '1996-12-10', 'F'),
(56, 'Anne Shizue', '1994-11-15', 'F'),
(57, 'Aya Luiza', '1996-04-06', 'F'),
(58, 'Barbara Luis', '1997-06-26', 'F'),
(59, 'Barbara Chiarini', '1995-06-19', 'F'),
(60, 'Barbara Maria', '1999-01-29', 'F'),
(61, 'Barbara Manoel', '1997-08-31', 'F'),
(62, 'Beatriz Mota', '1993-09-30', 'F'),
(63, 'Beatriz Cepollaro', '1995-11-21', 'F'),
(64, 'Beatriz Cezar', '1996-11-08', 'F'),
(65, 'Beatriz Vidas', '1998-12-23', 'F'),
(66, 'Beatriz Jussiani', '1998-10-03', 'F'),
(67, 'Beatriz Granzoto', '2000-03-15', 'F'),
(68, 'Beatriz Aparecida', '1995-07-06', 'F'),
(69, 'Belisa Helena', '1989-06-11', 'F'),
(70, 'Bianca Pellegrini', '1998-07-22', 'F'),
(71, 'Bianca Raffaelli', '1997-05-06', 'F'),
(72, 'Bianca Meira', '1998-06-05', 'F'),
(73, 'Bruna Antonio', '1989-11-17', 'F'),
(74, 'Bruna Falcao', '1993-04-11', 'F'),
(75, 'Bruna Fantinatti', '1994-07-29', 'F'),
(76, 'Bruna Silva', '1994-09-25', 'F'),
(77, 'Bruna Jhonata', '1992-09-07', 'F'),
(78, 'Bruna Sanches', '1997-01-22', 'F'),
(79, 'Bruna Ade', '1998-07-15', 'F'),
(80, 'Camila Dias', '2000-05-30', 'F'),
(81, 'Camila Vilarino', '2000-03-10', 'F'),
(82, 'Camila Formis', '2000-08-21', 'F'),
(83, 'Camila Hideki', '1992-11-05', 'F'),
(84, 'Camila Pavan', '1995-06-05', 'F'),
(85, 'Camila Silveira', '1993-10-10', 'F'),
(86, 'Camila Savietto', '1993-08-23', 'F'),
(87, 'Carina Silva', '1992-02-20', 'F'),
(88, 'Carina Ryuichi', '1992-02-20', 'F'),
(89, 'Carla Andrade', '1995-05-25', 'F'),
(90, 'Carla Eduardo', '1994-01-02', 'F'),
(91, 'Carolina Junqueira', '1990-07-07', 'F'),
(92, 'Carolina Bistafa', '1993-05-30', 'F'),
(93, 'Carolina Cda', '1998-08-24', 'F'),
(94, 'Carolina Cristina', '1998-08-20', 'F'),
(95, 'Carolina Fioresi', '1993-10-27', 'F'),
(96, 'Carolina Vinicius', '2000-06-07', 'F'),
(97, 'Carolina Tavares', '1993-03-01', 'F'),
(98, 'Caroline Nunes', '1998-09-28', 'F'),
(99, 'Caroline Reis', '1988-06-12', 'F'),
(100, 'Caroline Claudia', '2001-01-31', 'F'),
(101, 'Caroline Pesaro', '1993-06-21', 'F'),
(102, 'Caroline Estorino', '1994-02-03', 'F'),
(103, 'Cassia Fde', '2000-12-29', 'F'),
(104, 'Catarina Vallarelli', '1997-10-27', 'F'),
(105, 'Chaiane Ribeiro', '2003-03-06', 'F'),
(106, 'Cinthia Louise', '1998-01-07', 'F'),
(107, 'Cinthia Ade', '2003-10-02', 'F'),
(108, 'Cinthia Munhoz', '2000-12-05', 'F'),
(109, 'Clara Menegon', '2003-11-13', 'F'),
(110, 'Cristiane Fichmann', '2002-06-21', 'F'),
(111, 'Cristiane Cda', '1990-03-25', 'F'),
(112, 'Cristiane Rodrigues', '2001-09-28', 'F'),
(113, 'Cristina Jose', '2001-01-31', 'F'),
(114, 'Cristina Mincov', '2000-12-17', 'F'),
(115, 'Daniela Mann', '1996-11-13', 'F'),
(116, 'Daniele Carolinne', '2002-06-29', 'F'),
(117, 'Danielle Braulino', '1993-03-01', 'F'),
(118, 'Danielle Harumi', '1998-09-28', 'F'),
(119, 'Danny Paneto', '1988-06-12', 'F'),
(120, 'Danyela Burigo', '2001-01-31', 'F'),
(121, 'Dayane Del', '1993-06-21', 'F'),
(122, 'Debora Priolli', '1994-02-03', 'F'),
(123, 'Debora Baldo', '2000-12-29', 'F'),
(124, 'Debora Chiariello', '1997-10-27', 'F'),
(125, 'Deborah Panzetti', '2003-03-06', 'F'),
(126, 'Deborah Horta', '1998-01-07', 'F'),
(127, 'Deborah Laura', '2003-10-02', 'F'),
(128, 'Dellen Helena', '2000-12-05', 'F'),
(129, 'Denise Cda', '2003-11-13', 'F'),
(130, 'Eduarda Candido', '2002-06-21', 'F'),
(131, 'Eleonora Costa', '1990-03-25', 'F'),
(132, 'Eliabe Henrique', '2001-09-28', 'F'),
(133, 'Elisa Cesar', '2001-01-31', 'F'),
(134, 'Eloah Gouvea', '1999-11-11', 'F'),
(135, 'Erika Lemme', '1989-06-03', 'F'),
(136, 'Eugenia Estevam', '1989-10-12', 'F'),
(137, 'Fabiana Feitosa', '1989-06-23', 'F'),
(138, 'Fernanda Silva', '1991-06-25', 'F'),
(139, 'Fernanda Pessoa', '1991-11-04', 'F'),
(140, 'Fernanda Bosso', '1991-09-19', 'F'),
(141, 'Fernanda Arruda', '1992-11-27', 'F'),
(142, 'Fernanda Biernath', '1993-02-24', 'F'),
(143, 'Fernanda Yumi', '1990-05-09', 'F'),
(144, 'Fernanda Fornazari', '1994-11-22', 'F'),
(145, 'Fernanda Durante', '1990-04-23', 'F'),
(146, 'Fernanda Bertucci', '1992-09-27', 'F'),
(147, 'Fernanda Isern', '1994-08-08', 'F'),
(148, 'Fernanda Sverzut', '1990-11-05', 'F'),
(149, 'Fernanda Covaes', '1991-05-12', 'F'),
(150, 'Fernanda Marques', '1994-08-14', 'F'),
(151, 'Fernanda Donisete', '1992-12-31', 'F'),
(152, 'Flavia Henrique', '1989-12-29', 'F'),
(153, 'Flavia Yukio', '1991-08-24', 'F'),
(154, 'Gabriela Santa', '1994-01-12', 'F'),
(155, 'Gabriela Carolina', '1995-03-23', 'F'),
(156, 'Gabriela Pina', '1990-04-05', 'F'),
(157, 'Gabriela Garcia', '1996-03-25', 'F'),
(158, 'Gabriela Claudio', '1994-09-12', 'F'),
(159, 'Gabriela Espinosa', '1993-12-20', 'F'),
(160, 'Gabriela Marchini', '1992-07-28', 'F'),
(161, 'Gabriela Kei', '1995-03-24', 'F'),
(162, 'Gabriela Rde', '1989-10-23', 'F'),
(163, 'Gabriela Gaspar', '1992-03-28', 'F'),
(164, 'Gabriela Cristina', '1994-01-21', 'F'),
(165, 'Gabriela Malagoli', '1993-12-07', 'F'),
(166, 'Gabriela Araujo', '1993-02-09', 'F'),
(167, 'Gabriela Romero', '1991-09-22', 'F'),
(168, 'Gabrieli Soares', '1993-06-27', 'F'),
(169, 'Gabriella Ode', '1995-11-05', 'F'),
(170, 'Gabriella Neder', '1994-02-04', 'F'),
(171, 'Gabrielle Salgueiro', '1995-07-14', 'F'),
(172, 'Gabrielle Dresch', '1995-10-05', 'F'),
(173, 'Gabrielle Sayuri', '1996-01-25', 'F'),
(174, 'Gilce Alberto', '1997-01-08', 'F'),
(175, 'Gilka Alonso', '1989-08-29', 'F'),
(176, 'Gilmara Ruggeri', '1989-04-30', 'F'),
(177, 'Giovana Rosetto', '1989-09-07', 'F'),
(178, 'Giovanna Souto', '1993-09-09', 'F'),
(179, 'Giovanna Gomes', '1994-02-12', 'F'),
(180, 'Gisele Zocoller', '1993-02-04', 'F'),
(181, 'Gisele Cezar', '1993-01-26', 'F'),
(182, 'Gisele Carla', '1996-09-16', 'F'),
(183, 'Giulia Gottardi', '1996-08-03', 'F'),
(184, 'Giulia Felipe', '1993-03-14', 'F'),
(185, 'Giulia Carmona', '1996-04-15', 'F'),
(186, 'Giuliana Tosta', '1995-07-09', 'F'),
(187, 'Giulianna Sdos', '1994-10-27', 'F'),
(188, 'Graciele Raica', '1995-11-28', 'F'),
(189, 'Haldrey Marchesini', '1995-03-30', 'F'),
(190, 'Hanna Augusto', '1990-11-08', 'F'),
(191, 'Helena Specian', '1991-06-11', 'F'),
(192, 'Helena Madureira', '1991-08-02', 'F'),
(193, 'Indiana Vieira', '1995-06-22', 'F'),
(194, 'Isabela Rigo', '1995-03-13', 'F'),
(195, 'Isabela Jan', '1996-10-03', 'F'),
(196, 'Isabela Nosse', '1991-01-23', 'F'),
(197, 'Isabela Claudia', '1996-07-30', 'F'),
(198, 'Isabella Briese', '1990-02-18', 'F'),
(199, 'Isabelle Lopes', '1998-01-18', 'F'),
(200, 'Isadora Miranda', '1999-11-30', 'F'),
(201, 'Isis Guimaraes', '1997-06-11', 'F'),
(202, 'Isis Sda', '1996-01-16', 'F'),
(203, 'Isis Negri', '1995-11-01', 'F'),
(204, 'Itali Okada', '1995-08-29', 'F'),
(205, 'Iunes Villar', '1995-07-31', 'F'),
(206, 'Izabel Tokenshi', '1995-08-27', 'F'),
(207, 'Izabella Pereira', '1996-06-04', 'F'),
(208, 'Izabella Ellen', '1996-08-28', 'F'),
(209, 'Izadora Soares', '1995-11-14', 'F'),
(210, 'Jackeline Lde', '1990-08-10', 'F'),
(211, 'Jacy Abdo', '1994-08-27', 'F'),
(212, 'Jade Rizerio', '1996-08-27', 'F'),
(213, 'Jadna Pda', '1992-04-24', 'F'),
(214, 'Jennifer Tominaga', '1997-04-17', 'F'),
(215, 'Jessica Batista', '1997-02-17', 'F'),
(216, 'Jessica Eulalio', '1998-01-20', 'F'),
(217, 'Jessica Seigo', '1998-05-28', 'F'),
(218, 'Jessica Henrique', '1994-10-10', 'F'),
(219, 'Jessica Rocha', '1996-01-03', 'F'),
(220, 'Jessica Luiza', '1998-10-10', 'F'),
(221, 'Jessica Domingos', '1999-02-16', 'F'),
(222, 'Jessica Valentim', '1998-05-27', 'F'),
(223, 'Joyce Meirelles', '1997-08-23', 'F'),
(224, 'Julia Paulo', '1997-03-03', 'F'),
(225, 'Julia Seiti', '1996-08-26', 'F'),
(226, 'Julia Caminada', '1991-06-29', 'F'),
(227, 'Julia Oliveira', '1996-04-02', 'F'),
(228, 'Julia Bruneti', '1994-12-16', 'F'),
(229, 'Julia Otavio', '2000-07-28', 'F'),
(230, 'Julia Vidal', '1995-07-26', 'F'),
(231, 'Julia Marques', '2001-02-01', 'F'),
(232, 'Juliana Luisa', '2000-11-28', 'F'),
(233, 'Juliana Luiza', '1998-11-30', 'F'),
(234, 'Juliana Lustosa', '1995-09-21', 'F'),
(235, 'Juliana Aparecida', '2001-02-02', 'F'),
(236, 'Juliana Nascimento', '1999-09-24', 'F'),
(237, 'Juliana Claudia', '2000-06-17', 'F'),
(238, 'Juliana Figueiredo', '1999-02-22', 'F'),
(239, 'Juliana Cesar', '1998-01-04', 'F'),
(240, 'Juliana Mde', '1994-06-13', 'F'),
(241, 'Juliana Ade', '2000-12-31', 'F'),
(242, 'Juliana Galizia', '2000-02-28', 'F'),
(243, 'Juliana Brian', '2000-01-17', 'F'),
(244, 'Juliana Henrique', '2000-01-17', 'F'),
(245, 'Karen Ribeiro', '1992-09-01', 'F'),
(246, 'Karina Alves', '2000-04-25', 'F'),
(247, 'Karina Tarabola', '2001-04-17', 'F'),
(248, 'Kelly Dias', '1995-06-01', 'F'),
(249, 'Lais Fde', '1997-04-22', 'F'),
(250, 'Lais Panichi', '1998-12-08', 'F'),
(251, 'Lais Minatel', '1999-02-28', 'F'),
(252, 'Lara Dezotti', '2000-01-28', 'F'),
(253, 'Lara Pde', '1992-11-19', 'F'),
(254, 'Lara Badaro', '2000-04-05', 'F'),
(255, 'Larissa Barbosa', '1994-12-13', 'F'),
(256, 'Larissa Zeppone', '2001-08-24', 'F'),
(257, 'Larissa Sda', '2001-09-13', 'F'),
(258, 'Laura Pucci', '2001-01-03', 'F'),
(259, 'Lauren Mde', '1999-12-30', 'F'),
(260, 'Leda Tadin', '2002-11-11', 'F'),
(261, 'Lee Barros', '2002-04-08', 'F'),
(262, 'Leila Santos', '1997-05-12', 'F'),
(263, 'Leticia Andrade', '1999-03-10', 'F'),
(264, 'Leticia Philipe', '1999-03-10', 'F'),
(265, 'Leticia Rodrigues', '1997-07-10', 'F'),
(266, 'Lia Quinteiro', '2002-07-31', 'F'),
(267, 'Lia Refundini', '2001-12-16', 'F'),
(268, 'Lidiane Lurevicius', '2000-07-13', 'F'),
(269, 'Ligia Garcia', '1998-07-15', 'F'),
(270, 'Ligia Rodrigues', '1998-02-27', 'F'),
(271, 'Ligia Simoes', '2000-01-26', 'F'),
(272, 'Lilian Carlos', '1996-11-16', 'F'),
(273, 'Lilian Cunha', '1999-07-23', 'F'),
(274, 'Livia Kulessa', '2000-06-30', 'F'),
(275, 'Liz Vaccari', '2000-07-16', 'F'),
(276, 'Lucia Silveira', '1988-11-02', 'F'),
(277, 'Luciana Dutra', '1990-08-23', 'F'),
(278, 'Luciana Henrique', '1996-03-12', 'F'),
(279, 'Luciana Rodrigo', '1996-05-25', 'F'),
(280, 'Lucymara Alves', '2002-03-28', 'F'),
(281, 'Luisa Prado', '2002-09-19', 'F'),
(282, 'Luisa Teixeira', '1992-04-06', 'F'),
(283, 'Luisa Vitor', '1997-09-26', 'F'),
(284, 'Maira Moschetti', '1990-08-19', 'F'),
(285, 'Marcela Fernando', '2002-06-24', 'F'),
(286, 'Marcela Fried', '2000-12-07', 'F'),
(287, 'Marcela Cortes', '2002-06-04', 'F'),
(288, 'Marcelle Lasalvia', '2000-06-26', 'F'),
(289, 'Mardem Sdos', '1992-05-19', 'F'),
(290, 'Maressa Aparecido', '1992-03-15', 'F'),
(291, 'Maria Caroline', '1991-09-30', 'F'),
(292, 'Maria Clivatti', '1988-11-27', 'F'),
(293, 'Maria Gorgone', '1992-12-05', 'F'),
(294, 'Maria Ade', '1992-11-19', 'F'),
(295, 'Maria Bueno', '1999-11-04', 'F'),
(296, 'Mariana Forghieri', '2001-04-26', 'F'),
(297, 'Mariana Beraldo', '1993-08-09', 'F'),
(298, 'Mariana Victor', '2000-11-08', 'F'),
(299, 'Mariana Monteiro', '1996-09-29', 'F'),
(300, 'Mariana Yuriko', '2006-06-10', 'F'),
(301, 'Mariana Ricardo', '1994-10-03', 'F'),
(302, 'Mariana Aparecida', '2003-01-12', 'F'),
(303, 'Mariana Sda', '2003-11-11', 'F'),
(304, 'Mariana Bertini', '1988-09-11', 'F'),
(305, 'Mariana Cordeiro', '1999-09-16', 'F'),
(306, 'Mariana Dias', '2003-07-04', 'F'),
(307, 'Mariane Petroni', '1991-12-22', 'F'),
(308, 'Marilia Mendes', '2002-07-18', 'F'),
(309, 'Marilia Shimada', '2004-02-20', 'F'),
(310, 'Marina Thais', '2004-01-07', 'F'),
(311, 'Marina Oliveira', '2001-10-05', 'F'),
(312, 'Marina Alves', '2001-03-21', 'F'),
(313, 'Marina Bellintani', '2000-12-06', 'F'),
(314, 'Marina Moni', '1990-04-21', 'F'),
(315, 'Marina Tedeschi', '1988-07-16', 'F'),
(316, 'Marli Ronconi', '1997-09-18', 'F'),
(317, 'Marta Patini', '1990-07-19', 'F'),
(318, 'Mayara Fabiani', '1994-12-05', 'F'),
(319, 'Mayara Caroline', '1995-02-06', 'F'),
(320, 'Mayara Mde', '1995-11-06', 'F'),
(321, 'Mayko Euimaraes', '1996-01-18', 'F'),
(322, 'Melissa Barbosa', '1996-10-28', 'F'),
(323, 'Melissa Marcondes', '1995-07-14', 'F'),
(324, 'Milena Vinicius', '1997-02-06', 'F'),
(325, 'Millena Fernanda', '1995-08-15', 'F'),
(326, 'Mirele Calderani', '1994-03-08', 'F'),
(327, 'Mirella Augusto', '1996-11-13', 'F'),
(328, 'Miriam Castiglioni', '1998-01-20', 'F'),
(329, 'Mirian Aparecida', '1999-06-15', 'F'),
(330, 'Mirna Gabriel', '1992-09-22', 'F'),
(331, 'Mona Tiemi', '1996-07-15', 'F'),
(332, 'Monica Pinto', '1999-04-08', 'F'),
(333, 'Monica Contin', '2000-04-13', 'F'),
(334, 'Monica Saran', '1998-02-22', 'F'),
(335, 'Monique Marretto', '1994-03-18', 'F'),
(336, 'Monique Maria', '1996-12-04', 'F'),
(337, 'Monique Mde', '1990-11-17', 'F'),
(338, 'Monise Etsumi', '2001-09-15', 'F'),
(339, 'Nadia Ferreira', '2000-02-10', 'F'),
(340, 'Nadia Leno', '1989-08-24', 'F'),
(341, 'Natacha Bevilacqua', '1993-10-28', 'F'),
(342, 'Natalia Augusto', '1993-10-24', 'F'),
(343, 'Natalia Caroline', '1995-02-26', 'F'),
(344, 'Natalia Ambrosio', '1994-10-20', 'F'),
(345, 'Natalia Soares', '1990-03-30', 'F'),
(346, 'Natalia Weyl', '1997-06-02', 'F'),
(347, 'Natalia Oliveira', '1994-05-11', 'F'),
(348, 'Natalia Henrique', '1994-08-10', 'F'),
(349, 'Natalia Eduardo', '1994-06-02', 'F'),
(350, 'Natalia Andrade', '1996-01-24', 'F'),
(351, 'Natalia Schmid', '1997-04-03', 'F'),
(352, 'Natane Bolzani', '1990-10-03', 'F'),
(353, 'Natany Sdos', '1996-03-20', 'F'),
(354, 'Natascha Robles', '1991-03-24', 'F'),
(355, 'Natasha Odalia', '1997-04-19', 'F'),
(356, 'Nathalia Pontes', '1989-10-12', 'F'),
(357, 'Nathalia Lima', '1989-11-12', 'F'),
(358, 'Nayara Calsoni', '1989-09-08', 'F'),
(359, 'Neyrielen Chequer', '1988-12-08', 'F'),
(360, 'Norma Mayumi', '1991-12-04', 'F'),
(361, 'Okaue Mde', '1989-05-10', 'F'),
(362, 'Olivia Miranda', '1996-06-16', 'F'),
(363, 'Paloma Gunar', '1995-06-18', 'F'),
(364, 'Paola Renata', '1993-04-01', 'F'),
(365, 'Patricia Miranda', '1998-12-08', 'F'),
(366, 'Patricia Roberto', '1991-02-12', 'F'),
(367, 'Patricia Lemes', '1992-11-24', 'F'),
(368, 'Patricia Antonio', '1996-05-20', 'F'),
(369, 'Patricia Fiore', '1999-03-18', 'F'),
(370, 'Patricia Man', '1992-08-28', 'F'),
(371, 'Paula Massumi', '1994-10-25', 'F'),
(372, 'Paula Leme', '1993-03-04', 'F'),
(373, 'Paula Cde', '2004-02-11', 'F'),
(374, 'Paula Leonardo', '1996-09-17', 'F'),
(375, 'Paula Magalhaes', '2002-12-18', 'F'),
(376, 'Paula Pde', '1994-09-17', 'F'),
(377, 'Pricilla Barbosa', '2001-03-06', 'F'),
(378, 'Priscila Sayuri', '1995-10-12', 'F'),
(379, 'Priscila Antonio', '1995-01-25', 'F'),
(380, 'Priscila Ennes', '1992-09-11', 'F'),
(381, 'Priscila Estevam', '1992-09-11', 'F'),
(382, 'Queisielle Felipe', '2001-01-13', 'F'),
(383, 'Rachel Silveira', '2002-06-29', 'F'),
(384, 'Rafael Mde', '1996-04-26', 'F'),
(385, 'Rafaela Albiero', '1992-01-17', 'F'),
(386, 'Rafaela Malagutti', '1997-08-20', 'F'),
(387, 'Raisa Fukuda', '2001-10-16', 'F'),
(388, 'Raisa Lopes', '2002-02-26', 'F'),
(389, 'Raissa Martinate', '1991-01-31', 'F'),
(390, 'Raiza Minhoto', '1994-07-12', 'F'),
(391, 'Amilcar Augusto', '1992-04-30', 'M'),
(392, 'Anderson Geremias', '1993-08-18', 'M'),
(393, 'Anderson Godinho', '1993-06-06', 'M'),
(394, 'Anderson Arthur', '1993-07-31', 'M'),
(395, 'Andre Terra', '1992-05-02', 'M'),
(396, 'Andre Laures', '1996-03-07', 'M'),
(397, 'Andre Daimond', '1994-05-03', 'M'),
(398, 'Andre Lucchesi', '1994-01-12', 'M'),
(399, 'Andre Coan', '1991-11-13', 'M'),
(400, 'Andre Garcia', '1997-04-16', 'M'),
(401, 'Andre Joaquim', '1993-06-02', 'M'),
(402, 'Andre Araujo', '1992-04-15', 'M'),
(403, 'Andre Alberto', '1996-06-20', 'M'),
(404, 'Andre Jose', '1993-01-19', 'M'),
(405, 'Andre Ermlich', '1997-11-20', 'M'),
(406, 'Andre Paiva', '1993-12-11', 'M'),
(407, 'Andre Paschoal', '1997-09-30', 'M'),
(408, 'Andre Ferreira', '1997-06-03', 'M'),
(409, 'Andre Lichy', '1995-10-21', 'M'),
(410, 'Andrei Lo', '1995-05-04', 'M'),
(411, 'Andrey Drfinengo', '1991-10-13', 'M'),
(412, 'Antonio Vequiati', '1990-02-15', 'M'),
(413, 'Arthur Felipe', '1996-10-22', 'M'),
(414, 'Arthur Cde', '1997-07-29', 'M'),
(415, 'Arthur Augusto', '1997-09-24', 'M'),
(416, 'Ary Neves', '1998-07-07', 'M'),
(417, 'Atilio Mitsuru', '1994-05-08', 'M'),
(418, 'Augusto Luperi', '1995-12-06', 'M'),
(419, 'Bassam Schmidt', '1996-08-20', 'M'),
(420, 'Boaz Fde', '1990-04-25', 'M'),
(421, 'Bruno Pinto', '1996-04-18', 'M'),
(422, 'Bruno Cesar', '1999-10-31', 'M'),
(423, 'Bruno Cecilia', '1997-03-04', 'M'),
(424, 'Bruno Sils', '1996-12-25', 'M'),
(425, 'Bruno Maroso', '2001-03-18', 'M'),
(426, 'Bruno Martines', '1999-10-29', 'M'),
(427, 'Bruno Lisboa', '1996-11-18', 'M'),
(428, 'Bruno Aparecida', '1997-09-26', 'M'),
(429, 'Bruno Mda', '1998-12-22', 'M'),
(430, 'Bruno Barassa', '1999-03-12', 'M'),
(431, 'Bruno Mitsuaki', '2001-02-28', 'M'),
(432, 'Bruno Paulo', '1997-03-31', 'M'),
(433, 'Bruno Sathler', '1999-07-10', 'M'),
(434, 'Bruno Infante', '1998-12-21', 'M'),
(435, 'Bruno Eduardo', '1997-05-30', 'M'),
(436, 'Caio Pansieri', '2000-07-06', 'M'),
(437, 'Caio Augusto', '2000-05-09', 'M'),
(438, 'Caio Liz', '1999-02-10', 'M'),
(439, 'Caio Franca', '1996-06-24', 'M'),
(440, 'Caio Costa', '1998-08-11', 'M'),
(441, 'Caio Ode', '2001-03-05', 'M'),
(442, 'Caio Eboli', '1999-05-30', 'M'),
(443, 'Caio Bianca', '1999-02-22', 'M'),
(444, 'Caio Henrique', '1997-10-03', 'M'),
(445, 'Camilo Monteiro', '1993-12-23', 'M'),
(446, 'Carlos Godoy', '1992-04-08', 'M'),
(447, 'Carlos Alonso', '1990-09-06', 'M'),
(448, 'Carlos Maia', '1996-04-14', 'M'),
(449, 'Carlos Helena', '2001-05-09', 'M'),
(450, 'Carlos Iin', '1998-01-21', 'M'),
(451, 'Cassio Pires', '1995-02-24', 'M'),
(452, 'Catxere Wadt', '1999-02-02', 'M'),
(453, 'Caue Felix', '2003-06-07', 'M'),
(454, 'Celso Baldam', '2002-11-24', 'M'),
(455, 'Cesar Leticia', '2001-05-10', 'M'),
(456, 'Cesar Lopes', '1993-08-03', 'M'),
(457, 'Charles Ribeiro', '2001-04-06', 'M'),
(458, 'Cicero Piva', '1990-12-05', 'M'),
(459, 'Cleyton Rodrigues', '1994-04-09', 'M'),
(460, 'Conrado Pascoal', '2003-03-03', 'M'),
(461, 'Cristiano Laura', '1991-06-17', 'M'),
(462, 'Daniel Laranja', '1994-04-27', 'M'),
(463, 'Daniel Ferreira', '1997-12-21', 'M'),
(464, 'Daniel Duarte', '1994-04-09', 'M'),
(465, 'Daniel Florencio', '1995-08-17', 'M'),
(466, 'Daniel Roberto', '1996-03-06', 'M'),
(467, 'Daniel Shigueo', '1989-07-05', 'M'),
(468, 'Daniel Neyra', '1988-02-04', 'M'),
(469, 'Daniel Franco', '1988-05-20', 'M'),
(470, 'Daniel Moretti', '1988-03-06', 'M'),
(471, 'Daniel Jose', '1989-11-01', 'M'),
(472, 'Danilo Naches', '1990-05-30', 'M'),
(473, 'Danilo Gabriel', '1989-02-27', 'M'),
(474, 'Davi Greggio', '1989-10-19', 'M'),
(475, 'Denis Carvalho', '1989-10-06', 'M'),
(476, 'Diego Bertolini', '1989-05-19', 'M'),
(477, 'Diego Vinicius', '1990-04-12', 'M'),
(478, 'Diego Gabana', '1989-10-02', 'M'),
(479, 'Diego Andre', '1990-04-04', 'M'),
(480, 'Diego Regina', '1989-05-05', 'M'),
(481, 'Diego Cardoso', '1989-12-07', 'M'),
(482, 'Diego Picinalli', '1990-02-28', 'M'),
(483, 'Diego Araujo', '1990-01-23', 'M'),
(484, 'Dimy Pde', '1989-12-31', 'M'),
(485, 'Diogo Gaia', '1990-08-06', 'M'),
(486, 'Douglas Virginia', '1991-04-29', 'M'),
(487, 'Douglas Demetrio', '1990-09-07', 'M'),
(488, 'Edelvan Batista', '1991-03-08', 'M'),
(489, 'Edgar Soares', '1990-08-07', 'M'),
(490, 'Edgar Angeli', '1991-05-22', 'M'),
(491, 'Edson Claudio', '1990-11-04', 'M'),
(492, 'Eduardo Aparecido', '1990-11-14', 'M'),
(493, 'Eduardo Iwakura', '1991-08-11', 'M'),
(494, 'Eduardo Marinho', '1992-06-04', 'M'),
(495, 'Eduardo Bernardo', '1992-05-22', 'M'),
(496, 'Eduardo Oliveira', '1991-12-10', 'M'),
(497, 'Eduardo Damha', '1991-11-14', 'M'),
(498, 'Eduardo Barbosa', '1992-04-09', 'M'),
(499, 'Eduardo Massafera', '1991-06-11', 'M'),
(500, 'Eduardo Augusto', '1991-11-23', 'M'),
(501, 'Eduardo Dipold', '1992-04-09', 'M'),
(502, 'Eizo Marcao', '1991-07-28', 'M'),
(503, 'Emerson Ade', '1989-06-10', 'M'),
(504, 'Enzo Cristina', '1991-07-03', 'M'),
(505, 'Eric Hideki', '1993-12-25', 'M'),
(506, 'Eric Infante', '1992-06-18', 'M'),
(507, 'Erick Elisa', '1992-02-20', 'M'),
(508, 'Erico Pedroni', '1991-10-09', 'M'),
(509, 'Eriton Patricia', '1991-09-02', 'M'),
(510, 'Estevao Ferreira', '1993-03-24', 'M'),
(511, 'Evandro Carolline', '1995-02-02', 'M'),
(512, 'Evandro Mukai', '1989-12-19', 'M'),
(513, 'Everton Andrade', '1994-02-17', 'M'),
(514, 'Ezio Veneziano', '1993-04-28', 'M'),
(515, 'Fabilo Burgarelli', '1991-11-26', 'M'),
(516, 'Fabio Henrique', '1992-03-27', 'M'),
(517, 'Fabio Takayama', '1991-07-30', 'M'),
(518, 'Fabio Henrique', '1989-12-07', 'M'),
(519, 'Fabio Assenheimer', '1990-02-28', 'M'),
(520, 'Fabio Romitelli', '1990-01-23', 'M'),
(521, 'Fabio Alcalai', '1989-12-31', 'M'),
(522, 'Fabio Makoto', '1990-08-06', 'M'),
(523, 'Fabio Mamedes', '1991-04-29', 'M'),
(524, 'Fabio Nanclares', '1990-09-07', 'M'),
(525, 'Fabio Das', '1991-03-08', 'M'),
(526, 'Fabio Luiza', '1990-08-07', 'M'),
(527, 'Fausto Ferreira', '1991-05-22', 'M'),
(528, 'Felipe Santos', '1990-11-04', 'M'),
(529, 'Felipe Fernandes', '1990-11-14', 'M'),
(530, 'Felipe Henrique', '1991-08-11', 'M'),
(531, 'Felipe Recco', '1992-06-04', 'M'),
(532, 'Felipe Ode', '1992-05-22', 'M'),
(533, 'Felipe Fernanda', '1991-12-10', 'M'),
(534, 'Felipe Cde', '1991-11-14', 'M'),
(535, 'Felipe Cesar', '1992-04-09', 'M'),
(536, 'Felipe Albertini', '1991-06-11', 'M'),
(537, 'Felipe Cristiano', '1991-11-23', 'M'),
(538, 'Felippe Beatriz', '1992-04-09', 'M'),
(539, 'Fellipe Laura', '1991-07-28', 'M'),
(540, 'Fernando Mesquita', '1989-06-10', 'M'),
(541, 'Fernando Macedo', '1991-07-03', 'M'),
(542, 'Fernando Germaine', '1993-12-25', 'M'),
(543, 'Fernando Ribeiro', '1992-06-18', 'M'),
(544, 'Fernando Fonseca', '1992-02-20', 'M'),
(545, 'Fernando Hiramatsu', '1991-10-09', 'M'),
(546, 'Fernando Ferrari', '1991-09-02', 'M'),
(547, 'Fernando Jackson', '1993-03-24', 'M'),
(548, 'Fernando Frank', '1995-02-02', 'M'),
(549, 'Fernando Terng', '1989-12-19', 'M'),
(550, 'Filipe Francisco', '1994-02-17', 'M'),
(551, 'Filipe Gomes', '1993-04-28', 'M'),
(552, 'Flavio Sda', '1991-11-26', 'M'),
(553, 'Francesco Felipe', '1992-03-27', 'M'),
(554, 'Francisco Andrade', '1991-07-30', 'M'),
(555, 'Francisco Vinicius', '1992-10-04', 'M'),
(556, 'Franco Jose', '1992-08-12', 'M'),
(557, 'Gabriel Brazinkas', '1994-05-27', 'M'),
(558, 'Gabriel Julia', '1994-08-08', 'M'),
(559, 'Gabriel Pizano', '1989-12-18', 'M'),
(560, 'Gabriel Vinicius', '1994-06-29', 'M'),
(561, 'Gabriel Beatriz', '1993-07-05', 'M'),
(562, 'Gabriel Sda', '1995-08-28', 'M'),
(563, 'Gabriel Cristiane', '1992-02-04', 'M'),
(564, 'Gabriel Garcia', '1993-10-17', 'M'),
(565, 'Gabriel Manfrim', '1995-08-17', 'M'),
(566, 'Gabriel Nunes', '1992-04-01', 'M'),
(567, 'Gerson Beatriz', '1994-07-05', 'M'),
(568, 'Gian Helena', '1996-04-28', 'M'),
(569, 'Giancarlo Laura', '1992-09-07', 'M'),
(570, 'Gilberto Carlucci', '1997-03-02', 'M'),
(571, 'Gilberto Luis', '1996-11-27', 'M'),
(572, 'Giovani Aleci', '1993-02-28', 'M'),
(573, 'Giovanni Sde', '1993-09-02', 'M'),
(574, 'Gregorio Caires', '1996-03-10', 'M'),
(575, 'Guilherme Cobra', '1993-06-17', 'M'),
(576, 'Guilherme Cardoso', '1991-12-30', 'M'),
(577, 'Guilherme Ferreira', '1989-07-27', 'M'),
(578, 'Guilherme Jun', '1995-07-30', 'M'),
(579, 'Guilherme Lopes', '1995-09-17', 'M'),
(580, 'Guilherme Miceli', '1992-10-28', 'M'),
(581, 'Guilherme Cabral', '1995-01-11', 'M'),
(582, 'Guilherme Soares', '1990-12-19', 'M'),
(583, 'Guilherme Fugihara', '1993-04-16', 'M'),
(584, 'Guilherme Cristina', '1988-10-24', 'M'),
(585, 'Guilherme Cristina', '1994-05-02', 'M'),
(586, 'Guilherme Ode', '1990-03-21', 'M'),
(587, 'Guilherme Duenha', '1995-09-14', 'M'),
(588, 'Guilherme Queiroz', '1989-10-15', 'M'),
(589, 'Guilherme Daher', '1990-01-05', 'M'),
(590, 'Guilherme Guilherme', '1991-02-18', 'M'),
(591, 'Guilherme Novara', '1996-04-21', 'M'),
(592, 'Guilherme Beatriz', '1997-08-15', 'M'),
(593, 'Guillermo Leo', '1992-04-05', 'M'),
(594, 'Gustavo Hitomi', '1994-10-10', 'M'),
(595, 'Gustavo Haveroth', '1994-05-30', 'M'),
(596, 'Gustavo Beserra', '1994-11-27', 'M'),
(597, 'Gustavo Castiglione', '1996-08-04', 'M'),
(598, 'Gustavo Simao', '1998-03-19', 'M'),
(599, 'Gustavo Lino', '1996-05-13', 'M'),
(600, 'Gustavo Moreira', '1996-06-17', 'M'),
(601, 'Gustavo Caetano', '1995-07-28', 'M'),
(602, 'Gustavo Furlan', '1997-05-30', 'M'),
(603, 'Gustavo Borges', '1995-05-10', 'M'),
(604, 'Gustavo Cda', '1994-10-29', 'M'),
(605, 'Gustavo Siqueira', '1994-10-15', 'M'),
(606, 'Heitor Sde', '1991-01-01', 'M'),
(607, 'Heitor Cristina', '1991-03-21', 'M'),
(608, 'Henri Lomonaco', '1996-05-08', 'M'),
(609, 'Henrique Brenner', '1994-06-29', 'M'),
(610, 'Henrique Carvalho', '1994-10-16', 'M'),
(611, 'Henrique Augusto', '1993-06-05', 'M'),
(612, 'Hilton Montefusco', '1995-05-01', 'M'),
(613, 'Hugo Damiani', '1990-08-08', 'M'),
(614, 'Hugo Cecilia', '1993-09-05', 'M'),
(615, 'Hugo Luisa', '1996-03-22', 'M'),
(616, 'Humberto Andrade', '1997-01-26', 'M'),
(617, 'Igor Henrique', '1993-12-18', 'M'),
(618, 'Ivan Leal', '1995-10-23', 'M'),
(619, 'Jackson Clementino', '1998-02-09', 'M'),
(620, 'Jairo Lirio', '1996-01-22', 'M'),
(621, 'Jean Queiroz', '1998-07-24', 'M'),
(622, 'Jefferson Barreto', '1997-01-07', 'M'),
(623, 'Jesse Augusto', '1996-02-01', 'M'),
(624, 'Joao Silva', '1996-07-14', 'M'),
(625, 'Joao Fernandes', '2000-09-04', 'M'),
(626, 'Joao Henrique', '1999-07-21', 'M'),
(627, 'Joao Montes', '1998-07-04', 'M'),
(628, 'Joao Cde', '2000-07-15', 'M'),
(629, 'Joao Soares', '1995-08-25', 'M'),
(630, 'Joao Salerno', '1991-12-05', 'M'),
(631, 'Joao Lara', '1993-11-11', 'M'),
(632, 'Joao Mariasch', '1993-02-11', 'M'),
(633, 'Joao Agostinho', '1992-10-25', 'M'),
(634, 'Joao Politano', '1997-01-13', 'M'),
(635, 'Joao Rosa', '1996-07-09', 'M'),
(636, 'Joao Ayako', '1996-12-11', 'M'),
(637, 'Jonas Flavia', '1998-04-21', 'M'),
(638, 'Jonatan Pompeu', '1999-04-15', 'M'),
(639, 'Jonathan Peruzzo', '1998-09-22', 'M'),
(640, 'Jonathan Carretero', '1996-03-03', 'M'),
(641, 'Jose Ramos', '1995-09-11', 'M'),
(642, 'Juliano Gomes', '2000-02-02', 'M'),
(643, 'Julio Loureiro', '2001-10-31', 'M'),
(644, 'Julio Velloso', '1995-12-07', 'M'),
(645, 'Julio Higa', '1993-03-29', 'M'),
(646, 'Juscier Tomazini', '1998-04-14', 'M'),
(647, 'Kalil Nanny', '1992-07-23', 'M'),
(648, 'Karl Mariano', '1992-11-19', 'M'),
(649, 'Laio Cesare', '1996-11-08', 'M'),
(650, 'Leandro Schwalb', '1994-11-19', 'M'),
(651, 'Leonardo Ribeiro', '2002-04-09', 'M'),
(652, 'Leonardo Meister', '2000-04-07', 'M'),
(653, 'Levi Augusto', '2000-05-28', 'M'),
(654, 'Lino Henrique', '1999-06-27', 'M'),
(655, 'Loren Maria', '1989-05-19', 'M'),
(656, 'Lorenzo Dantas', '1990-06-13', 'M'),
(657, 'Luan Paraiso', '1994-10-19', 'M'),
(658, 'Luan Vieira', '1997-05-12', 'M'),
(659, 'Luca Martines', '1989-08-09', 'M'),
(660, 'Lucas Rethondin', '1991-03-08', 'M'),
(661, 'Lucas Vinicius', '1998-11-29', 'M'),
(662, 'Lucas Canton', '2002-02-13', 'M'),
(663, 'Lucas Madeira', '1999-05-15', 'M'),
(664, 'Lucas Campaci', '1998-12-01', 'M'),
(665, 'Lucas Hiroshi', '1998-05-06', 'M'),
(666, 'Lucas Ribeiro', '1994-10-14', 'M'),
(667, 'Lucas Albertino', '1990-06-06', 'M'),
(668, 'Lucas Fernanda', '1993-10-10', 'M'),
(669, 'Lucas Yuri', '1991-10-03', 'M'),
(670, 'Lucas Yukio', '2000-08-18', 'M'),
(671, 'Luciano Moreti', '1995-03-10', 'M'),
(672, 'Luciano Maria', '1999-07-15', 'M'),
(673, 'Luis Moreira', '1993-08-05', 'M'),
(674, 'Luis Hegel', '2003-01-09', 'M'),
(675, 'Luis Qde', '2002-09-04', 'M'),
(676, 'Luiz Castilho', '1990-05-29', 'M'),
(677, 'Luiz Beatriz', '1999-08-09', 'M'),
(678, 'Luiz Mazzariol', '1991-11-19', 'M'),
(679, 'Luiz Kendi', '1992-08-19', 'M'),
(680, 'Luiz Nishime', '2003-08-05', 'M'),
(681, 'Luiz Bianchim', '2000-12-15', 'M'),
(682, 'Luiz Cristina', '1995-06-11', 'M'),
(683, 'Luiz Rodrigues', '1996-10-29', 'M'),
(684, 'Luiz Carolina', '2004-01-06', 'M'),
(685, 'Maico Marta', '1995-07-22', 'M'),
(686, 'Malcom Cristina', '1991-06-04', 'M'),
(687, 'Manoela Aparecida', '1990-09-26', 'M'),
(688, 'Manuel Nobrega', '2000-12-04', 'M'),
(689, 'Marcel Macedo', '2003-01-13', 'M'),
(690, 'Marcelo Aparecido', '2002-02-23', 'M'),
(691, 'Marcelo Lin', '2001-11-19', 'M'),
(692, 'Marcelo Carpinetti', '2000-11-02', 'M'),
(693, 'Marcelo Sde', '1999-10-26', 'M'),
(694, 'Marcelo Chien', '1999-12-26', 'M'),
(695, 'Marcelo Roberto', '1999-12-19', 'M'),
(696, 'Marcelo Vinicius', '1999-09-24', 'M'),
(697, 'Marcio Emiliano', '2000-06-27', 'M'),
(698, 'Marcio Victal', '1999-04-15', 'M'),
(699, 'Marcio Ranieri', '1997-11-27', 'M'),
(700, 'Marco Roberto', '1999-08-15', 'M'),
(701, 'Marcos Testa', '1999-07-08', 'M'),
(702, 'Marcus Ferreira', '2003-05-29', 'M'),
(703, 'Marcus Ebram', '2000-01-09', 'M'),
(704, 'Marcus Negrucci', '1994-06-15', 'M'),
(705, 'Marino Takeo', '1998-03-09', 'M'),
(706, 'Mario Massamitsu', '1998-11-04', 'M'),
(707, 'Mateus Fonseca', '2002-11-07', 'M'),
(708, 'Mateus Telles', '1989-12-05', 'M'),
(709, 'Matheus Tonoli', '1996-01-18', 'M'),
(710, 'Matheus Felipe', '1988-09-26', 'M'),
(711, 'Matheus Alves', '1990-10-19', 'M'),
(712, 'Matheus Aline', '1991-02-13', 'M'),
(713, 'Mauricio Henrique', '1994-05-10', 'M'),
(714, 'Mauricio Paulo', '1992-04-06', 'M'),
(715, 'Mauricio Fabiano', '1994-05-11', 'M'),
(716, 'Miguel Jun', '1990-01-10', 'M'),
(717, 'Milton Saurim', '1993-06-06', 'M'),
(718, 'Milton Alessandro', '1995-08-30', 'M'),
(719, 'Murillo Cristina', '2000-01-05', 'M'),
(720, 'Murilo Gonzaga', '1991-08-13', 'M'),
(721, 'Murilo Barbosa', '1991-03-30', 'M'),
(722, 'Murilo Pigari', '1989-07-22', 'M'),
(723, 'Nilo Tomie', '1990-05-07', 'M'),
(724, 'Nycholas Ianni', '1994-09-02', 'M'),
(725, 'Orlando Ade', '1989-09-28', 'M'),
(726, 'Osvaldo Matheus', '1998-05-07', 'M'),
(727, 'Otavio Strata', '1995-05-12', 'M'),
(728, 'Otavio Pimentel', '1995-09-15', 'M'),
(729, 'Paolo Juliane', '1997-03-24', 'M'),
(730, 'Paulo Santus', '1999-03-04', 'M'),
(731, 'Paulo Fernandez', '1994-06-19', 'M'),
(732, 'Paulo Rodrigues', '1990-01-17', 'M'),
(733, 'Paulo Paulo', '1996-12-23', 'M'),
(734, 'Paulo Morato', '2001-02-05', 'M'),
(735, 'Paulo Wright', '1990-01-12', 'M'),
(736, 'Paulo Ricardo', '1989-11-12', 'M'),
(737, 'Paulo Yoshio', '1991-06-22', 'M'),
(738, 'Paulo Ade', '1991-11-27', 'M'),
(739, 'Paulo Lele', '1992-08-03', 'M'),
(740, 'Paulo Helena', '1992-07-08', 'M'),
(741, 'Pedro Ade', '1992-03-30', 'M'),
(742, 'Pedro Namorato', '1994-08-30', 'M'),
(743, 'Pedro Peris', '1991-10-09', 'M'),
(744, 'Pedro Ribeiro', '1994-09-21', 'M'),
(745, 'Pedro Faria', '1994-05-17', 'M'),
(746, 'Pedro Mesquita', '1993-11-28', 'M'),
(747, 'Pedro Schiavolin', '1991-11-18', 'M'),
(748, 'Pedro Godoy', '1996-04-11', 'M'),
(749, 'Pedro Ferreira', '1992-10-02', 'M'),
(750, 'Pedro Pereira', '1990-05-15', 'M'),
(751, 'Pedro Eduardo', '1991-10-03', 'M'),
(752, 'Pedro Carla', '1997-08-19', 'M'),
(753, 'Pedro Kawaguchi', '1997-11-25', 'M'),
(754, 'Pedro Toledo', '1996-05-21', 'M'),
(755, 'Pedro Gramani', '1996-10-02', 'M'),
(756, 'Pedro Vinicius', '1999-02-04', 'M'),
(757, 'Pedro Ode', '1998-03-28', 'M'),
(758, 'Pericles Coutinho', '1993-05-24', 'M'),
(759, 'Philip Amaya', '1996-10-23', 'M'),
(760, 'Plinio Cesar', '1997-02-22', 'M'),
(761, 'Plinio Correa', '2000-06-29', 'M'),
(762, 'Rafael Renosto', '2001-02-28', 'M'),
(763, 'Rafael Soares', '1993-02-21', 'M'),
(764, 'Rafael Orlandi', '2000-01-11', 'M'),
(765, 'Rafael Akina', '1988-02-28', 'M'),
(766, 'Rafael Matheus', '1990-04-18', 'M'),
(767, 'Rafael Chavasco', '1990-09-05', 'M'),
(768, 'Rafael San', '1990-12-12', 'M'),
(769, 'Rafael Cantarino', '1996-03-10', 'M'),
(770, 'Rafael Scharff', '1995-04-16', 'M'),
(771, 'Rafael Diniz', '1995-08-30', 'M'),
(772, 'Rafael Eduardo', '1991-06-14', 'M'),
(773, 'Rafael Fiel', '1989-12-12', 'M'),
(774, 'Rafael Schuchman', '2000-08-23', 'M'),
(775, 'Rafael Soares', '1997-01-16', 'M'),
(776, 'Rafael Martone', '1990-08-02', 'M'),
(777, 'Rafael Hueb', '1999-08-30', 'M'),
(778, 'Rafael Rezende', '2002-01-05', 'M'),
(779, 'Rafael Mariani', '1997-02-20', 'M'),
(780, 'Rafael Goncalves', '2001-05-18', 'M'),
(781, 'Rafael Sales', '1995-05-01', 'M'),
(782, 'Rafael Reis', '1994-06-30', 'M'),
(783, 'Rafael Icaro', '1998-09-28', 'M'),
(784, 'Rafael Morais', '1999-09-20', 'M'),
(785, 'Rafael Cde', '1991-03-05', 'M'),
(786, 'Rafael Fonseca', '1997-04-03', 'M'),
(787, 'Rafael Jose', '1994-11-20', 'M'),
(788, 'Ramon Pde', '1992-02-21', 'M'),
(789, 'Ramon Cesar', '1990-10-11', 'M'),
(790, 'Ranie Stella', '2001-03-02', 'M'),
(791, 'Raniere Duarte', '1998-10-28', 'M'),
(792, 'Ranyer Schmitd', '1991-09-10', 'M');

-- --------------------------------------------------------

--
-- Estrutura da tabela `alunosturma`
--

CREATE TABLE `alunosturma` (
  `id_turma` int NOT NULL,
  `id_aluno` int NOT NULL,
  `desconto` decimal(8,2) NOT NULL
) ENGINE=InnoDB DEFAULT CHARSET=utf8mb4;

--
-- Extraindo dados da tabela `alunosturma`
--

INSERT INTO `alunosturma` (`id_turma`, `id_aluno`, `desconto`) VALUES
(1, 1, '0.00'),
(2, 2, '0.00'),
(3, 3, '0.00'),
(4, 4, '0.00'),
(5, 5, '0.00'),
(6, 6, '0.00'),
(7, 7, '0.00'),
(9, 8, '0.00'),
(12, 9, '0.00'),
(13, 10, '5.00'),
(18, 11, '5.00'),
(19, 12, '5.00'),
(20, 13, '5.00'),
(1, 14, '0.00'),
(2, 15, '0.00'),
(3, 16, '0.00'),
(4, 17, '0.00'),
(5, 18, '0.00'),
(6, 19, '0.00'),
(7, 20, '0.00'),
(9, 21, '0.00'),
(12, 22, '0.00'),
(13, 23, '0.00'),
(18, 24, '0.00'),
(19, 25, '0.00'),
(20, 26, '0.00'),
(1, 27, '0.00'),
(2, 28, '0.00'),
(3, 29, '0.00'),
(4, 30, '0.00'),
(5, 31, '0.00'),
(6, 32, '0.00'),
(7, 33, '0.00'),
(9, 34, '0.00'),
(12, 35, '0.00'),
(13, 36, '0.00'),
(18, 37, '0.00'),
(19, 38, '0.00'),
(20, 39, '0.00'),
(1, 40, '0.00'),
(2, 41, '0.00'),
(3, 42, '0.00'),
(4, 43, '0.00'),
(5, 44, '0.00'),
(6, 45, '0.00'),
(7, 46, '0.00'),
(9, 47, '0.00'),
(12, 48, '5.00'),
(13, 49, '5.00'),
(18, 50, '5.00'),
(19, 51, '5.00'),
(20, 52, '0.00'),
(1, 53, '0.00'),
(2, 54, '0.00'),
(3, 55, '0.00'),
(4, 56, '0.00'),
(5, 57, '0.00'),
(6, 58, '0.00'),
(7, 59, '0.00'),
(9, 60, '0.00'),
(12, 61, '5.00'),
(13, 62, '5.00'),
(18, 63, '5.00'),
(19, 64, '5.00'),
(20, 65, '0.00'),
(1, 66, '0.00'),
(2, 67, '0.00'),
(3, 68, '0.00'),
(4, 69, '0.00'),
(5, 70, '0.00'),
(6, 71, '0.00'),
(7, 72, '0.00'),
(9, 73, '0.00'),
(12, 74, '0.00'),
(13, 75, '0.00'),
(18, 76, '0.00'),
(19, 77, '0.00'),
(20, 78, '0.00'),
(1, 79, '0.00'),
(2, 80, '0.00'),
(3, 81, '0.00'),
(4, 82, '0.00'),
(5, 83, '0.00'),
(6, 84, '0.00'),
(7, 85, '0.00'),
(9, 86, '0.00'),
(12, 87, '0.00'),
(13, 88, '0.00'),
(18, 89, '0.00'),
(19, 90, '0.00'),
(20, 91, '0.00'),
(1, 92, '0.00'),
(2, 93, '0.00'),
(3, 94, '0.00'),
(4, 95, '0.00'),
(5, 96, '0.00'),
(6, 97, '0.00'),
(7, 98, '0.00'),
(9, 99, '5.00'),
(12, 100, '5.00'),
(13, 101, '5.00'),
(18, 102, '5.00'),
(19, 103, '0.00'),
(20, 104, '0.00'),
(1, 105, '0.00'),
(2, 106, '0.00'),
(3, 107, '0.00'),
(4, 108, '0.00'),
(5, 109, '0.00'),
(6, 110, '0.00'),
(7, 111, '0.00'),
(9, 112, '5.00'),
(12, 113, '5.00'),
(13, 114, '5.00'),
(18, 115, '5.00'),
(19, 116, '0.00'),
(20, 117, '0.00'),
(1, 118, '0.00'),
(2, 119, '0.00'),
(3, 120, '0.00'),
(4, 121, '0.00'),
(5, 122, '0.00'),
(6, 123, '0.00'),
(7, 124, '0.00'),
(9, 125, '0.00'),
(12, 126, '0.00'),
(13, 127, '0.00'),
(18, 128, '0.00'),
(19, 129, '0.00'),
(20, 130, '0.00'),
(1, 131, '0.00'),
(2, 132, '0.00'),
(3, 133, '0.00'),
(4, 134, '0.00'),
(5, 135, '0.00'),
(6, 136, '0.00'),
(7, 137, '0.00'),
(9, 138, '0.00'),
(12, 139, '0.00'),
(13, 140, '0.00'),
(18, 141, '0.00'),
(19, 142, '0.00'),
(20, 143, '0.00'),
(1, 144, '0.00'),
(2, 145, '0.00'),
(3, 146, '0.00'),
(4, 147, '0.00'),
(5, 148, '0.00'),
(6, 149, '0.00'),
(7, 150, '5.00'),
(9, 151, '5.00'),
(12, 152, '5.00'),
(13, 153, '5.00'),
(18, 154, '0.00'),
(19, 155, '0.00'),
(20, 156, '0.00'),
(1, 208, '0.00'),
(2, 209, '0.00'),
(3, 210, '0.00'),
(4, 211, '0.00'),
(5, 212, '0.00'),
(6, 213, '0.00'),
(7, 214, '5.00'),
(9, 215, '5.00'),
(12, 216, '5.00'),
(13, 217, '5.00'),
(18, 218, '0.00'),
(19, 219, '0.00'),
(20, 220, '0.00'),
(1, 221, '0.00'),
(2, 222, '0.00'),
(3, 223, '0.00'),
(4, 224, '0.00'),
(5, 225, '0.00'),
(6, 226, '0.00'),
(7, 227, '0.00'),
(9, 228, '0.00'),
(12, 229, '0.00'),
(13, 230, '0.00'),
(18, 231, '0.00'),
(19, 232, '0.00'),
(20, 233, '0.00'),
(1, 234, '0.00'),
(2, 235, '0.00'),
(3, 236, '0.00'),
(4, 237, '0.00'),
(5, 238, '0.00'),
(6, 239, '0.00'),
(7, 240, '0.00'),
(9, 241, '0.00'),
(12, 242, '0.00'),
(13, 243, '0.00'),
(18, 244, '0.00'),
(19, 245, '0.00'),
(20, 246, '0.00'),
(1, 267, '0.00'),
(2, 268, '0.00'),
(3, 269, '0.00'),
(4, 270, '0.00'),
(5, 271, '0.00'),
(6, 272, '5.00'),
(7, 273, '5.00'),
(9, 274, '5.00'),
(12, 275, '5.00'),
(13, 276, '0.00'),
(18, 277, '0.00'),
(19, 278, '0.00'),
(20, 279, '0.00'),
(1, 280, '0.00'),
(2, 281, '0.00'),
(3, 282, '0.00'),
(4, 283, '0.00'),
(5, 284, '0.00'),
(6, 285, '5.00'),
(7, 286, '5.00'),
(9, 287, '5.00'),
(12, 288, '5.00'),
(13, 289, '0.00'),
(18, 290, '0.00'),
(19, 291, '0.00'),
(20, 292, '0.00'),
(1, 293, '0.00'),
(2, 294, '0.00'),
(3, 295, '0.00'),
(4, 296, '0.00'),
(5, 297, '0.00'),
(6, 298, '0.00'),
(7, 299, '0.00'),
(9, 300, '0.00'),
(12, 301, '0.00'),
(13, 302, '0.00'),
(18, 303, '0.00'),
(19, 304, '0.00'),
(20, 305, '0.00'),
(1, 306, '0.00'),
(2, 307, '0.00'),
(3, 308, '0.00'),
(4, 309, '0.00'),
(5, 310, '0.00'),
(6, 311, '0.00'),
(7, 312, '0.00'),
(9, 313, '0.00'),
(12, 314, '0.00'),
(13, 315, '0.00'),
(18, 316, '0.00'),
(19, 317, '0.00'),
(20, 318, '0.00'),
(1, 319, '0.00'),
(2, 320, '0.00'),
(3, 321, '0.00'),
(4, 322, '0.00'),
(5, 323, '5.00'),
(6, 324, '5.00'),
(7, 325, '5.00'),
(9, 326, '5.00'),
(12, 327, '0.00'),
(13, 328, '0.00'),
(18, 329, '0.00'),
(19, 330, '0.00'),
(20, 331, '0.00'),
(1, 332, '0.00'),
(2, 333, '0.00'),
(3, 334, '0.00'),
(4, 335, '0.00'),
(5, 336, '5.00'),
(6, 337, '5.00'),
(7, 338, '5.00'),
(9, 339, '5.00'),
(12, 340, '0.00'),
(13, 341, '0.00'),
(18, 342, '0.00'),
(19, 343, '0.00'),
(20, 344, '0.00'),
(1, 345, '0.00'),
(2, 346, '0.00'),
(3, 347, '0.00'),
(4, 348, '0.00'),
(5, 349, '0.00'),
(6, 350, '0.00'),
(7, 351, '0.00'),
(9, 352, '0.00'),
(12, 353, '0.00'),
(13, 354, '0.00'),
(18, 355, '0.00'),
(19, 356, '0.00'),
(20, 357, '0.00'),
(1, 358, '0.00'),
(2, 359, '0.00'),
(3, 360, '0.00'),
(4, 361, '0.00'),
(5, 362, '0.00'),
(6, 363, '0.00'),
(7, 364, '0.00'),
(9, 365, '0.00'),
(12, 366, '0.00'),
(13, 367, '0.00'),
(18, 368, '0.00'),
(19, 369, '0.00'),
(20, 370, '0.00'),
(1, 371, '0.00'),
(2, 372, '0.00'),
(3, 373, '0.00'),
(4, 374, '5.00'),
(5, 375, '5.00'),
(6, 376, '5.00'),
(7, 377, '5.00'),
(9, 378, '0.00'),
(12, 379, '0.00'),
(13, 380, '0.00'),
(18, 381, '0.00'),
(19, 382, '0.00'),
(20, 383, '0.00'),
(1, 384, '0.00'),
(2, 385, '0.00'),
(3, 386, '0.00'),
(4, 387, '5.00'),
(5, 388, '5.00'),
(6, 389, '5.00'),
(7, 390, '5.00'),
(9, 391, '0.00'),
(12, 392, '0.00'),
(13, 393, '0.00'),
(18, 394, '0.00'),
(19, 395, '0.00'),
(20, 396, '0.00'),
(1, 397, '0.00'),
(2, 398, '0.00'),
(3, 399, '0.00'),
(4, 400, '0.00'),
(5, 401, '0.00'),
(6, 402, '0.00'),
(7, 403, '0.00'),
(9, 404, '0.00'),
(12, 405, '0.00'),
(13, 406, '0.00'),
(18, 407, '0.00'),
(19, 408, '0.00'),
(20, 409, '0.00'),
(1, 410, '0.00'),
(2, 411, '0.00'),
(3, 412, '0.00'),
(4, 413, '0.00'),
(5, 414, '0.00'),
(6, 415, '0.00'),
(7, 416, '0.00'),
(9, 417, '0.00'),
(12, 418, '0.00'),
(13, 419, '0.00'),
(18, 420, '0.00'),
(19, 421, '0.00'),
(20, 422, '0.00'),
(3, 423, '0.00'),
(4, 424, '0.00'),
(5, 425, '5.00'),
(6, 426, '5.00'),
(7, 427, '5.00'),
(9, 428, '5.00'),
(12, 429, '0.00'),
(13, 430, '0.00'),
(18, 431, '0.00'),
(19, 432, '0.00'),
(20, 433, '0.00'),
(1, 434, '0.00'),
(2, 435, '0.00'),
(3, 436, '0.00'),
(4, 437, '0.00'),
(5, 438, '5.00'),
(6, 439, '5.00'),
(7, 440, '5.00'),
(9, 441, '5.00'),
(12, 442, '0.00'),
(13, 443, '0.00'),
(18, 444, '0.00'),
(19, 445, '0.00'),
(20, 446, '0.00'),
(1, 447, '0.00'),
(2, 448, '0.00'),
(3, 449, '0.00'),
(4, 450, '0.00'),
(5, 451, '0.00'),
(6, 452, '0.00'),
(7, 453, '0.00'),
(9, 454, '0.00'),
(12, 455, '0.00'),
(13, 456, '0.00'),
(18, 457, '0.00'),
(19, 458, '0.00'),
(20, 459, '0.00'),
(1, 460, '0.00'),
(2, 461, '0.00'),
(3, 462, '0.00'),
(4, 463, '0.00'),
(5, 464, '0.00'),
(6, 465, '0.00'),
(7, 466, '0.00'),
(9, 467, '0.00'),
(12, 468, '0.00'),
(13, 469, '0.00'),
(18, 470, '0.00'),
(19, 471, '0.00'),
(20, 472, '0.00'),
(1, 473, '0.00'),
(2, 474, '0.00'),
(3, 475, '0.00'),
(4, 476, '5.00'),
(5, 477, '5.00'),
(6, 478, '5.00'),
(7, 479, '5.00'),
(9, 480, '0.00'),
(12, 481, '0.00'),
(13, 482, '0.00'),
(18, 483, '0.00'),
(19, 484, '0.00'),
(20, 485, '0.00'),
(1, 501, '0.00'),
(2, 502, '0.00'),
(3, 503, '0.00'),
(4, 504, '5.00'),
(5, 505, '5.00'),
(6, 506, '5.00'),
(7, 507, '5.00'),
(9, 508, '0.00'),
(12, 509, '0.00'),
(13, 510, '0.00'),
(18, 511, '0.00'),
(19, 512, '0.00'),
(20, 513, '0.00'),
(1, 514, '0.00'),
(2, 515, '0.00'),
(3, 516, '0.00'),
(4, 517, '0.00'),
(5, 518, '0.00'),
(6, 519, '0.00'),
(7, 520, '0.00'),
(9, 521, '0.00'),
(12, 522, '0.00'),
(13, 523, '0.00'),
(18, 524, '0.00'),
(19, 525, '0.00'),
(20, 526, '0.00'),
(1, 527, '0.00'),
(2, 528, '0.00'),
(3, 529, '0.00'),
(4, 530, '0.00'),
(5, 531, '0.00'),
(6, 532, '0.00'),
(7, 533, '0.00'),
(9, 534, '0.00'),
(12, 535, '0.00'),
(13, 536, '0.00'),
(18, 537, '0.00'),
(19, 538, '0.00'),
(20, 539, '0.00'),
(1, 540, '0.00'),
(2, 541, '0.00'),
(3, 542, '5.00'),
(4, 543, '5.00'),
(5, 544, '5.00'),
(6, 545, '5.00'),
(7, 546, '0.00'),
(9, 547, '0.00'),
(12, 548, '0.00'),
(13, 549, '0.00'),
(18, 550, '0.00'),
(19, 551, '0.00'),
(20, 552, '0.00'),
(1, 553, '0.00'),
(2, 554, '0.00'),
(3, 555, '5.00'),
(4, 556, '5.00'),
(5, 557, '5.00'),
(6, 558, '5.00'),
(7, 559, '0.00'),
(9, 560, '0.00'),
(12, 561, '0.00'),
(13, 562, '0.00'),
(18, 563, '0.00'),
(19, 564, '0.00'),
(20, 565, '0.00'),
(1, 566, '0.00'),
(2, 567, '0.00'),
(3, 568, '0.00'),
(4, 569, '0.00'),
(5, 570, '0.00'),
(6, 571, '0.00'),
(7, 572, '0.00'),
(9, 573, '0.00'),
(12, 574, '0.00'),
(13, 575, '0.00'),
(18, 576, '0.00'),
(19, 577, '0.00'),
(20, 578, '0.00'),
(1, 579, '0.00'),
(2, 580, '0.00'),
(3, 581, '0.00'),
(4, 582, '0.00'),
(5, 583, '0.00'),
(6, 584, '0.00'),
(7, 585, '0.00'),
(9, 586, '0.00'),
(12, 587, '0.00'),
(13, 588, '0.00'),
(18, 589, '0.00'),
(19, 590, '0.00'),
(20, 591, '0.00'),
(1, 592, '0.00'),
(2, 593, '5.00'),
(3, 594, '5.00'),
(4, 595, '5.00'),
(5, 596, '5.00'),
(6, 597, '0.00'),
(7, 598, '0.00'),
(9, 599, '0.00'),
(12, 600, '0.00'),
(13, 601, '0.00'),
(18, 602, '0.00'),
(19, 603, '0.00'),
(20, 604, '0.00'),
(1, 605, '0.00'),
(2, 606, '5.00'),
(3, 607, '5.00'),
(4, 608, '5.00'),
(5, 609, '5.00'),
(6, 610, '0.00'),
(7, 611, '0.00'),
(9, 612, '0.00'),
(12, 613, '0.00'),
(13, 614, '0.00'),
(18, 615, '0.00'),
(19, 616, '0.00'),
(20, 617, '0.00'),
(1, 618, '0.00'),
(2, 619, '0.00'),
(3, 620, '0.00'),
(4, 621, '0.00'),
(5, 622, '0.00'),
(6, 623, '0.00'),
(7, 624, '0.00'),
(9, 625, '0.00'),
(12, 626, '0.00'),
(13, 627, '0.00'),
(18, 628, '0.00'),
(19, 629, '0.00'),
(20, 630, '0.00'),
(1, 631, '0.00'),
(2, 632, '0.00'),
(3, 633, '0.00'),
(4, 634, '0.00'),
(5, 635, '0.00'),
(6, 636, '0.00'),
(7, 637, '0.00'),
(9, 638, '0.00'),
(12, 639, '0.00'),
(13, 640, '0.00'),
(18, 641, '0.00'),
(19, 642, '0.00'),
(20, 643, '0.00'),
(1, 644, '5.00'),
(2, 645, '5.00'),
(3, 646, '5.00'),
(4, 647, '5.00'),
(5, 648, '0.00'),
(6, 649, '0.00'),
(7, 650, '0.00'),
(9, 651, '0.00'),
(12, 652, '0.00'),
(13, 653, '0.00'),
(18, 654, '0.00'),
(19, 655, '0.00'),
(20, 656, '0.00'),
(1, 693, '5.00'),
(2, 694, '5.00'),
(3, 695, '5.00'),
(4, 696, '5.00'),
(5, 697, '0.00'),
(6, 698, '0.00'),
(7, 699, '0.00'),
(9, 700, '0.00'),
(12, 701, '0.00'),
(13, 702, '0.00'),
(18, 703, '0.00'),
(19, 704, '0.00'),
(20, 705, '0.00'),
(1, 706, '0.00'),
(2, 707, '0.00'),
(3, 708, '0.00'),
(4, 709, '0.00'),
(5, 710, '0.00'),
(6, 711, '0.00'),
(7, 712, '0.00'),
(9, 713, '0.00'),
(12, 714, '0.00'),
(13, 715, '0.00'),
(18, 716, '0.00'),
(19, 717, '0.00'),
(20, 718, '0.00'),
(1, 719, '0.00'),
(2, 720, '0.00'),
(3, 721, '0.00'),
(4, 722, '0.00'),
(5, 723, '0.00'),
(6, 724, '0.00'),
(7, 725, '0.00'),
(9, 726, '0.00'),
(12, 727, '0.00'),
(13, 728, '0.00'),
(18, 729, '0.00'),
(19, 730, '0.00'),
(20, 731, '5.00'),
(1, 732, '5.00'),
(2, 733, '5.00'),
(3, 734, '5.00'),
(4, 735, '0.00'),
(5, 736, '0.00'),
(6, 737, '0.00'),
(7, 738, '0.00'),
(9, 739, '0.00'),
(12, 740, '0.00'),
(13, 741, '0.00'),
(18, 742, '0.00'),
(19, 743, '0.00'),
(20, 744, '5.00'),
(1, 745, '5.00'),
(2, 746, '5.00'),
(3, 747, '5.00'),
(4, 748, '0.00'),
(5, 749, '0.00'),
(6, 750, '0.00'),
(7, 751, '0.00'),
(9, 752, '0.00'),
(12, 753, '0.00'),
(13, 754, '0.00'),
(18, 755, '0.00'),
(19, 756, '0.00'),
(20, 757, '0.00'),
(1, 758, '0.00'),
(2, 759, '0.00'),
(3, 760, '0.00'),
(4, 761, '0.00'),
(5, 762, '0.00'),
(6, 763, '0.00'),
(7, 764, '0.00'),
(9, 765, '0.00'),
(12, 766, '0.00'),
(13, 767, '0.00'),
(18, 768, '0.00'),
(19, 769, '0.00'),
(20, 770, '0.00'),
(19, 787, '0.00'),
(20, 788, '0.00'),
(19, 789, '0.00'),
(20, 790, '0.00');

-- --------------------------------------------------------

--
-- Estrutura da tabela `cursos`
--

CREATE TABLE `cursos` (
  `id_curso` int NOT NULL,
  `nome_curso` varchar(45) NOT NULL
) ENGINE=InnoDB DEFAULT CHARSET=utf8mb4;

--
-- Extraindo dados da tabela `cursos`
--

INSERT INTO `cursos` (`id_curso`, `nome_curso`) VALUES
(1, 'VBA I'),
(2, 'VBA II'),
(3, 'VBA III'),
(4, 'Excel Básico'),
(5, 'Excel Intermediário'),
(6, 'Excel Avançado'),
(7, 'Lógica de Programação'),
(8, 'Java Básico'),
(9, 'Banco de Dados'),
(10, 'Python'),
(11, 'React JS');

-- --------------------------------------------------------

--
-- Estrutura da tabela `turmas`
--

CREATE TABLE `turmas` (
  `id_turma` int NOT NULL,
  `id_curso` int NOT NULL,
  `valor_turma` decimal(8,2) NOT NULL,
  `desconto_maximo` decimal(5,2) DEFAULT NULL,
  `data_inicio` date NOT NULL,
  `data_termino` date DEFAULT NULL
) ENGINE=InnoDB DEFAULT CHARSET=utf8mb4;

--
-- Extraindo dados da tabela `turmas`
--

INSERT INTO `turmas` (`id_turma`, `id_curso`, `valor_turma`, `desconto_maximo`, `data_inicio`, `data_termino`) VALUES
(1, 7, '270.00', '10.00', '2020-11-17', '2020-12-27'),
(2, 7, '270.00', '10.00', '2021-01-01', '2021-02-10'),
(3, 7, '270.00', '10.00', '2021-02-13', '2021-03-25'),
(4, 4, '300.00', '10.00', '2020-03-02', '2020-04-02'),
(5, 4, '300.00', '10.00', '2020-07-02', '2020-07-23'),
(6, 11, '680.00', '15.00', '2020-09-02', '2020-09-15'),
(7, 11, '680.00', '15.00', '2020-02-03', '2020-02-16'),
(8, 9, '350.00', '15.00', '2021-02-13', '2021-03-24'),
(9, 6, '320.00', '10.00', '2021-02-23', '2021-04-09'),
(10, 6, '320.00', '10.00', '2021-04-19', '2021-06-03'),
(11, 6, '320.00', '10.00', '2021-06-13', '2021-07-28'),
(12, 6, '320.00', '10.00', '2021-08-07', '2021-09-21'),
(13, 6, '320.00', '10.00', '2021-10-01', '2021-11-15'),
(14, 8, '680.00', '15.00', '2020-07-03', '2020-08-17'),
(15, 8, '680.00', '15.00', '2020-08-27', '2020-10-11'),
(16, 8, '680.00', '15.00', '2020-10-21', '2020-12-05'),
(17, 9, '350.00', '15.00', '2020-12-15', '2021-03-10'),
(18, 9, '350.00', '15.00', '2022-09-15', '2022-10-21'),
(19, 7, '270.00', '15.00', '2022-09-10', '2022-10-01'),
(20, 10, '750.00', '10.00', '2022-10-10', '2022-11-12');

--
-- Índices para tabelas despejadas
--

--
-- Índices para tabela `alunos`
--
ALTER TABLE `alunos`
  ADD PRIMARY KEY (`id_aluno`);

--
-- Índices para tabela `alunosturma`
--
ALTER TABLE `alunosturma`
  ADD KEY `fk_turma` (`id_turma`),
  ADD KEY `fk_aluno1` (`id_aluno`);

--
-- Índices para tabela `cursos`
--
ALTER TABLE `cursos`
  ADD PRIMARY KEY (`id_curso`);

--
-- Índices para tabela `turmas`
--
ALTER TABLE `turmas`
  ADD PRIMARY KEY (`id_turma`),
  ADD KEY `fk_Curso` (`id_curso`);

--
-- Restrições para despejos de tabelas
--

--
-- Limitadores para a tabela `alunosturma`
--
ALTER TABLE `alunosturma`
  ADD CONSTRAINT `fk_aluno1` FOREIGN KEY (`id_aluno`) REFERENCES `alunos` (`id_aluno`),
  ADD CONSTRAINT `fk_turma` FOREIGN KEY (`id_turma`) REFERENCES `turmas` (`id_turma`);

--
-- Limitadores para a tabela `turmas`
--
ALTER TABLE `turmas`
  ADD CONSTRAINT `fk_Curso` FOREIGN KEY (`id_curso`) REFERENCES `cursos` (`id_curso`);
COMMIT;

/*!40101 SET CHARACTER_SET_CLIENT=@OLD_CHARACTER_SET_CLIENT */;
/*!40101 SET CHARACTER_SET_RESULTS=@OLD_CHARACTER_SET_RESULTS */;
/*!40101 SET COLLATION_CONNECTION=@OLD_COLLATION_CONNECTION */;
